"Age","Diff_F_Alta_Media.Edad","Diff_F_Alta_Media.Mx","Diff_F_Alta_Media.qx","Diff_F_Alta_Media.lx","Diff_F_Alta_Media.dx","Diff_F_Alta_Media.Lx","Diff_F_Alta_Media.Tx","Diff_F_Alta_Media.P_x1","Diff_F_Alta_Media.e_0","Diff_F_Alta_Baja.Edad","Diff_F_Alta_Baja.Mx","Diff_F_Alta_Baja.qx","Diff_F_Alta_Baja.lx","Diff_F_Alta_Baja.dx","Diff_F_Alta_Baja.Lx","Diff_F_Alta_Baja.Tx","Diff_F_Alta_Baja.P_x1","Diff_F_Alta_Baja.e_0","Diff_F_Media_Baja.Edad","Diff_F_Media_Baja.Mx","Diff_F_Media_Baja.qx","Diff_F_Media_Baja.lx","Diff_F_Media_Baja.dx","Diff_F_Media_Baja.Lx","Diff_F_Media_Baja.Tx","Diff_F_Media_Baja.P_x1","Diff_F_Media_Baja.e_0","Diff_M_Alta_Media.Edad","Diff_M_Alta_Media.Mx","Diff_M_Alta_Media.qx","Diff_M_Alta_Media.lx","Diff_M_Alta_Media.dx","Diff_M_Alta_Media.Lx","Diff_M_Alta_Media.Tx","Diff_M_Alta_Media.P_x1","Diff_M_Alta_Media.e_0","Diff_M_Alta_Baja.Edad","Diff_M_Alta_Baja.Mx","Diff_M_Alta_Baja.qx","Diff_M_Alta_Baja.lx","Diff_M_Alta_Baja.dx","Diff_M_Alta_Baja.Lx","Diff_M_Alta_Baja.Tx","Diff_M_Alta_Baja.P_x1","Diff_M_Alta_Baja.e_0","Diff_M_Media_Baja.Edad","Diff_M_Media_Baja.Mx","Diff_M_Media_Baja.qx","Diff_M_Media_Baja.lx","Diff_M_Media_Baja.dx","Diff_M_Media_Baja.Lx","Diff_M_Media_Baja.Tx","Diff_M_Media_Baja.P_x1","Diff_M_Media_Baja.e_0"
25,0,-0.00097556530639309,-0.000974648235461664,0,-97.4648235461663,48.7324117730896,413221.935729595,0.000487324117730892,4.13221935729594,0,-0.00302832895252997,-0.00302238229649093,0,-302.238229649093,151.119114824542,745767.694809847,0.00151119114824538,7.45767694809846,0,-0.00205276364613688,-0.00204773406102927,0,-204.773406102927,102.386703051452,332545.759080252,0.00102386703051449,3.32545759080251,0,-0.00031705958340173,-0.000316950596202587,0,-31.6950596202587,15.8475298101257,197704.586550795,0.000158475298101313,1.97704586550795,0,-0.000603198778806968,-0.00060290519735084,0,-60.290519735084,30.1452598675387,665167.715201082,0.000301452598675422,6.65167715201082,0,-0.000286139195405238,-0.000285954601148253,0,-28.5954601148253,14.297730057413,467463.128650287,0.00014297730057411,4.67463128650287
26,0,-0.000939961469865646,-0.000939083730131571,97.4648235461646,-93.7290512384509,144.329349165389,413173.203317822,0.0015000339024237,4.08547662442159,0,-0.00247569026698843,-0.00247148202634022,302.238229649083,-246.148931285749,425.312695291956,745616.575695022,0.00288546306036064,7.3200816038797,0,-0.00153572879712278,-0.00153239829620865,204.773406102919,-152.419880047298,280.983346126566,332443.3723772,0.00138542915793693,3.23460497945811,0,-0.000249340093060621,-0.000249249863826964,31.6950596202514,-24.9049475246778,44.1475333825947,197688.739020985,0.000578383108260971,1.95938325880355,0,-0.000697786776304112,-0.00069737793633583,60.2905197350774,-69.6685210334131,95.1247802517901,665137.569941214,0.00212305435661442,6.6214262976956,0,-0.000448446683243491,-0.000448128072508867,28.595460114826,-44.7635735087354,50.9772468691954,467448.83092023,0.00154467124835345,4.66204303889205
27,0,-0.000916837760272222,-0.000916041283757926,191.193874784614,-91.266427899461,236.827088734353,413028.873968656,0.00153897520331059,4.04140833591416,0,-0.00256031967043014,-0.00255599649259919,548.387160934828,-253.738267296263,675.256294582956,745191.26299973,0.00294226135105624,7.21034353334611,0,-0.00164348191015792,-0.00163995520884127,357.193286150214,-162.471839396802,438.429205848603,332162.389031074,0.00140328614774565,3.16893519743195,0,-0.000283548297151819,-0.000283463160221741,56.6000071449234,-28.3093215705931,70.7546679302177,197644.591487602,0.000593588258066879,1.9459120710796,0,-0.000603325896561469,-0.000603048345287869,129.959040768488,-60.1803788340635,160.049230185512,665042.445160963,0.00218818896631301,6.58724307933453,0,-0.00031977759940965,-0.000319585185066129,73.3590336235648,-31.8710572634704,89.2945622552943,467397.85367336,0.00159460070824613,4.64133100825493
28,0,-0.000627118007325783,-0.00062651314308402,282.460302684078,-62.2071630530839,313.563884210627,412792.046879922,0.00158085428670096,3.99909116732142,0,-0.00226671659247399,-0.00226267655671288,802.125428231084,-223.629765694535,913.940311078361,744516.006705147,0.00300773600452153,7.09852162229315,0,-0.00163959858514821,-0.00163616341362887,519.665125547006,-161.422602641451,600.376426867733,331723.959825225,0.00142688171782057,3.09943045497173,0,-0.000320547114123226,-0.000320415917331882,84.9093287155265,-31.9746169116714,100.896637171361,197573.836819672,0.000609914046431292,1.93064933340983,0,-0.000706417431158623,-0.000705992129514242,190.13941960255,-70.3765909131366,225.327715059131,664882.395930777,0.00225696815772769,6.55795166950043,0,-0.000385870317035397,-0.00038557621218236,105.230090887024,-38.4019740014652,124.43107788777,467308.559111105,0.0016470541112964,4.62730233609059
29,0,-0.000697642812542135,-0.000696972969567653,344.667465737162,-69.1083109451108,379.221621209712,412478.482995711,0.00162839489586653,3.9722018611202,0,-0.00215345866588646,-0.00214982716660734,1025.75519392562,-211.724627183998,1131.61750751761,743602.066394069,0.0030793159731326,7.00348542088304,0,-0.00145581585334432,-0.00145285419703969,681.08772818846,-142.616316238887,752.395886307902,331123.583398358,0.00145092107726608,3.03128355976284,0,-0.00042764710873732,-0.000427500286996182,116.883945627196,-42.6494322177433,138.208661736076,197472.940182501,0.000626468114434009,1.91383826923646,0,-0.000715469593089903,-0.00071512106953548,260.516010515683,-71.2326925826274,296.132356807007,664657.068215718,0.00232954098061233,6.52474100682659,0,-0.000287822484352583,-0.000287620782539298,143.632064888487,-28.5832603648841,157.923695070931,467184.128033218,0.00170307286617832,4.61090273759013
30,0,-0.000859972052909188,-0.000859109815227533,413.775776682261,-85.0958841548429,456.323718759668,412099.261374502,0.00168103841859191,3.94247688559945,0,-0.00227740491062967,-0.00227351138493119,1237.47982110962,-223.239716832699,1349.09967952597,742470.448886552,0.00315974913418626,6.91497885577122,0,-0.00141743285772048,-0.00141440156970366,823.704044427359,-138.143832677856,892.775960766303,330371.18751205,0.00147871071559436,2.97250197017176,0,-0.00032021202788696,-0.000320091365990525,159.533377844942,-31.8927728038418,175.479764246862,197334.731520765,0.000642598126044391,1.89143276278308,0,-0.000679359430799864,-0.000678981540930049,331.748703098317,-67.5358337221661,365.516619959395,664360.935858912,0.00240518532358491,6.49098153769626,0,-0.000359147402912904,-0.000358890174939524,172.215325253375,-35.6430609183243,190.036855712533,467026.204338147,0.00176258719754052,4.59954877491319
31,0,-0.00108363222944648,-0.0010824214595284,498.871660837103,-107.072518808195,552.407920241196,411642.937655741,0.00173449167881168,3.90590627309562,0,-0.00258864873177471,-0.0025838136400757,1460.71953794232,-252.948603046806,1587.19383946572,741121.349207026,0.00324534598487491,6.82281728789649,0,-0.00150501650232823,-0.0015013921805473,961.847877105218,-145.876084238611,1034.78591922452,329478.411551285,0.00151085430606324,2.91691101480087,0,-0.000445068892656087,-0.000444903980992626,191.426150648782,-44.3245585762819,213.588429936935,197159.251756517,0.000659649404842311,1.87519078012239,0,-0.000968012858612651,-0.000967401306846386,399.284536820487,-96.1809567787812,447.375015209895,663995.419238952,0.00248559967763984,6.4601801898787,0,-0.000522943965956564,-0.00052249732585376,207.858386171705,-51.8563982024992,233.786585272959,466836.167482435,0.00182595027279753,4.58498940975631
32,0,-0.000922199586058455,-0.000921235150399106,605.944179645288,-90.866482502139,651.377420896359,411090.5297355,0.00178707457384364,3.86023632017964,0,-0.00236756986119239,-0.00236338716022769,1713.66814098912,-230.402710992304,1828.86949648528,739534.15536756,0.00333141281917881,6.71975051321836,0,-0.00144537027513393,-0.00144215200982858,1107.72396134383,-139.536228490165,1177.49207558892,328443.62563206,0.00154433824533518,2.85951419303872,0,-0.000218542139898987,-0.000218474606747702,235.750709225074,-21.7199265673012,246.61067250873,196945.66332658,0.000677503723530481,1.85275635516755,0,-0.000625483653112554,-0.000625163192449269,495.465493599273,-62.0248082111599,526.477897704855,663548.044223742,0.00256812628305725,6.41616691405423,0,-0.000406941513213566,-0.000406688585701567,259.714784374199,-40.3048816438587,279.867225196125,466602.380897162,0.00189062255952677,4.56341055888668
33,0,-0.000800486215906725,-0.000799686707336745,696.810662147414,-78.648616669042,736.134970481929,410439.152314604,0.00184236028643237,3.8225725123022,0,-0.00234911224494492,-0.00234495154515425,1944.07085198142,-227.758988584742,2057.95034627378,737705.285871075,0.00342210770131568,6.62789493597818,0,-0.0015486260290382,-0.0015452648378175,1247.26018983401,-149.1103719157,1321.81537579185,327266.133556471,0.00157974741488331,2.80532242367597,0,-0.000236274773933901,-0.000236184175659858,257.470635792386,-23.4532950940932,269.197283339439,196699.052654072,0.00069741246751498,1.84218692845352,0,-0.000669883358448419,-0.000669481385289034,557.490301810438,-66.3249628683398,590.652783244615,663021.566326037,0.0026563022923719,6.38898837808473,0,-0.000433608584514519,-0.000433297209629176,300.019666018052,-42.8716677742466,321.455499905176,466322.513671965,0.00195888982485692,4.54680144963121
34,0,-0.000959154877300705,-0.000958027227383974,775.459278816459,-94.0484968729938,822.483527252945,409703.017344123,0.00190461117525365,3.79095922349742,0,-0.00269203324102394,-0.00268654249793227,2171.82984056616,-259.985477719723,2301.82257942602,735647.335524801,0.00352195668139754,6.53889529957436,0,-0.00173287836372324,-0.0017285152705483,1396.3705617497,-165.936980846729,1479.33905217308,325944.318180678,0.0016173455061439,2.74793607607695,0,-0.000393967732649625,-0.000393738287974085,280.923930886478,-39.0844740195684,300.466167896258,196429.855370732,0.000720572549194221,1.83107914953501,0,-0.000701941418526533,-0.000701424643564776,623.815264678778,-69.3389120834507,658.484720720502,662430.913542792,0.00275313268378741,6.36084579637195,0,-0.000307973685876908,-0.000307686355590691,342.8913337923,-30.2544380638822,358.018552824244,466001.05817206,0.00203256013459319,4.52976664683695
35,0,-0.00104555339093165,-0.00104412986851048,869.507775689461,-102.189273903664,920.60241264131,408880.53381687,0.00197055533765889,3.75387390368043,0,-0.00244608905054624,-0.00244105091762655,2431.8153182859,-234.757542863691,2549.19408971776,733345.512945375,0.0036244554893331,6.43926464152345,0,-0.0014005356596146,-0.00139692104911607,1562.30754259643,-132.568268960027,1628.59167707645,324464.979128505,0.00165390015167421,2.68539073784302,0,-0.000580971778063149,-0.00058066943385036,320.008404906053,-57.6812799956756,348.849044903909,196129.389202836,0.00074326704485328,1.81282946940409,0,-0.00110092494293604,-0.00110006613378535,693.15417676224,-108.845498270476,747.576925897491,661772.428822072,0.00285500441204212,6.33270188417011,0,-0.000519953164872896,-0.000519396699934988,373.145771856187,-51.1642182748005,398.727880993581,465643.039619236,0.00211173736718884,4.51987241476601
36,0,-0.00118443660783535,-0.00118284195105583,971.697049593131,-115.638750001799,1029.51642459403,407959.931404228,0.00203785336803919,3.71468830679093,0,-0.00269815821023576,-0.00269248970133647,2666.57286114959,-258.320301335424,2795.7330118173,730796.318855657,0.00373254924219812,6.35213273793013,0,-0.00151372160240042,-0.00150964775028065,1694.87581155646,-142.681551333624,1766.21658722327,322836.387451428,0.00169469587415894,2.63744443113921,0,-0.000473656888121127,-0.000473373552361092,377.689684901736,-46.9082502569464,401.143810030189,195780.540157933,0.000763760958534254,1.78585410569701,0,-0.000810526187993264,-0.000809904982024431,801.999675032726,-79.856348060411,841.927849062922,661024.851896175,0.00295855135787126,6.2872176847878,0,-0.000336869299872138,-0.000336531429663339,424.309990130991,-32.9480978034647,440.784039032733,465244.311738242,0.00219479039933701,4.50136357909079
37,0,-0.00107853907970055,-0.00107703788111926,1087.33579959493,-104.829527937763,1139.75056356382,406930.414979634,0.00210705568141711,3.67062720787849,0,-0.00296567463008594,-0.00295875766928163,2924.89316248501,-282.59599372106,3066.19115934554,728000.58584384,0.00384833988560707,6.25721658809853,0,-0.00188713555038539,-0.00188171978816237,1837.55736289007,-177.766465783297,1926.44059578172,321070.170864205,0.00174128420418995,2.58658938022004,0,-0.000509320491413745,-0.000508967383371111,424.597935158672,-50.3536052869021,449.774737802116,195379.396347903,0.00078470471342762,1.76462136964314,0,-0.000985221821545936,-0.000984304669765824,881.856023093133,-96.9033583851439,930.307702285703,660182.924047112,0.00306770916389332,6.25569775284073,0,-0.000475901330132191,-0.000475337286394713,457.25808793446,-46.5497530982418,480.532964483587,464803.52769921,0.0022830044504657,4.49107638319759
38,0,-0.000893529825775756,-0.000892152519243502,1192.1653275327,-86.1277418510379,1235.22919845823,405790.664416071,0.00218084575258293,3.63208054356007,0,-0.00227158822910359,-0.00226652660238032,3207.48915620607,-214.04509193099,3314.51170217156,724934.394684494,0.00396564794035947,6.15552700807715,0,-0.00137805840332783,-0.00137437408313682,2015.32382867337,-127.917350079952,2079.28250371333,319143.730268423,0.00178480218777655,2.52344646451708,0,-0.000412689711829966,-0.000412331929900149,474.951540445574,-40.5914246237462,495.247252757457,194929.6216101,0.000807699517816785,1.74235796617249,0,-0.000927917039341646,-0.000926873933099399,978.759381478274,-90.8365505604305,1024.17765675849,659252.616344827,0.00318533819039757,6.21829802691418,0,-0.00051522732751168,-0.000514542003199249,503.8078410327,-50.2451259366843,528.930404001032,464322.994734726,0.00237763867258078,4.47594006074169
39,0,-0.00127581898610945,-0.00127371974735105,1278.29306938374,-123.291096435686,1339.93861760158,404555.435217613,0.00226354624698633,3.60235517072613,0,-0.00255471617466578,-0.00254888461195656,3421.53424813706,-240.387826435902,3541.728161355,721619.882982323,0.00409717366281226,6.08226613264596,0,-0.00127889718855633,-0.00127516486460552,2143.24117875332,-117.096730000215,2201.78954375342,317064.44776471,0.00183362741582593,2.47991096191983,0,-0.000669873945877979,-0.000669217904629146,515.542965069326,-65.9859418180508,548.535935978347,194434.374357344,0.000832762705784806,1.72523512138831,0,-0.000920865147888464,-0.000919847937313204,1069.5959320387,-89.9560015505884,1114.57393281399,658228.438688069,0.00330915515101859,6.18546701411904,0,-0.000250991202010485,-0.000250630032684058,554.052966969379,-23.9700597325376,566.037996835643,463794.064330725,0.00247639244523379,4.46023189273073
40,0,-0.000854388262854666,-0.000852903140403631,1401.58416581943,-81.3914650437273,1442.27989834128,403215.496600011,0.00234971268782058,3.55903837849075,0,-0.00270738605594134,-0.00270018099288464,3661.92207457295,-252.589114064537,3788.21663160523,718078.154820968,0.00424456872189261,6.00067518489359,0,-0.00185299779308667,-0.00184727785248101,2260.33790875353,-171.19764902081,2345.93673326395,314862.658220957,0.00189485603407202,2.44163680640284,0,-0.000762439288992628,-0.000761846378552221,581.528906887383,-75.1677875592296,619.11280066699,193885.838421365,0.000857586550465417,1.69731965549377,0,-0.00122877486325962,-0.00122753325185749,1159.55193358929,-120.317051776081,1219.71045947733,657113.864755255,0.00344217145864989,6.15366018743041,0,-0.000466335574266988,-0.000465686873305271,578.023026701907,-45.1492642168517,600.597658810337,463228.026333889,0.00258458490818447,4.45634053193664
41,0,-0.000927063517305228,-0.000925077508751179,1482.97563086315,-87.5861187981936,1526.76869026225,401773.21670167,0.00244285085308416,3.53305151259823,0,-0.00290185144308166,-0.00289278233655775,3914.51118863749,-268.069030485625,4048.54570388031,714289.938189363,0.00439688890009027,5.91793052806461,0,-0.00197478792577643,-0.00196770482780657,2431.53555777435,-180.482911687432,2521.77701361806,312516.721487693,0.00195403804700611,2.38487901546637,0,-0.00057056109815348,-0.00056985175355233,656.696694446611,-55.70229108593,684.54783998958,193266.725620698,0.000880143585112902,1.66567954377855,0,-0.00118606111648627,-0.00118422239148419,1279.86898536536,-115.099595372252,1337.41878305149,655894.154295777,0.00358134160211043,6.10949408269545,0,-0.000615500018332795,-0.000614370637931857,623.172290918752,-59.3973042863216,652.870943061906,462627.428675079,0.00270119801699753,4.4438145389169
42,0,-0.00101900345793022,-0.00101699934268437,1570.56174966134,-96.479807583872,1618.80165345329,400246.448011407,0.00254748573278074,3.50657070306644,0,-0.0022214732745874,-0.00221577366228495,4182.58021912312,-203.306414546436,4284.23342639634,710241.392485482,0.00455493432317577,5.83322764450828,0,-0.00120246981665717,-0.00119877431960057,2612.01846946178,-106.826606962564,2665.43177294305,309994.944474075,0.00200744859039503,2.32665694144184,0,-0.000486104442019788,-0.000485636796848924,712.398985532549,-47.4210110635669,736.10949106433,192582.177780708,0.000905327626125829,1.64362815229737,0,-0.00115056797568976,-0.00114907956853016,1394.96858073762,-111.629035800719,1450.78309863797,654556.735512726,0.00372669244125523,6.07145816101071,0,-0.000664463533669974,-0.000663442771681234,682.569595205074,-64.2080247371525,714.673607573641,461974.557732018,0.0028213648151294,4.42783000871334
43,0,-0.00132922934171185,-0.00132644939823242,1667.04155724522,-126.123976399721,1730.10354544508,398627.646357954,0.00265805692498333,3.47698363189615,0,-0.0031024737191619,-0.00309324645915008,4385.88663366955,-284.995592782839,4528.38443006095,705957.159059086,0.00473336390743562,5.77121610047564,0,-0.00177324437745005,-0.00176679706091767,2718.84507642433,-158.871616383118,2798.28088461587,307329.512701132,0.00207530698245229,2.2942324685795,0,-0.000989610422697104,-0.000988641196257534,759.81999659611,-97.0949792443111,808.367486218267,191846.068289644,0.000935533170679959,1.6251238365392,0,-0.00178461497491358,-0.00178215922913064,1506.59761653833,-173.629490319797,1593.41236169823,653105.952414088,0.00388345949350966,6.03431593056271,0,-0.000795004552216471,-0.000793518032873108,746.777619942222,-76.5345110754857,785.044875479958,461259.884124444,0.0029479263228297,4.40919209402351
44,0,-0.00124864645164977,-0.00124588083558967,1793.16553364493,-117.511690423114,1851.92137885648,396897.542812509,0.00277223768098722,3.43789521464974,0,-0.0036179825877008,-0.00360570365126386,4670.88222645238,-330.540742685996,4836.15259779537,701428.774629025,0.00492462595262377,5.68367484582962,0,-0.00236933613605102,-0.00235982281567419,2877.71669280744,-213.029052262882,2984.23121893889,304531.231816516,0.00215238827163655,2.24577963117988,0,-0.000445949518023014,-0.00044536195751857,856.914975840424,-42.9020489108494,878.36600029585,191037.700803425,0.000962945915013891,1.58677430553112,0,-0.00159182599863939,-0.00158881909531269,1680.22710685812,-153.252026086799,1756.85311990151,651512.54005239,0.00404490966005278,5.97451654787986,0,-0.00114587648061638,-0.00114345713779412,823.312131017694,-110.34997717595,878.487119605663,460474.839248965,0.00308196374503888,4.38774224234874
45,0,-0.00176225249145531,-0.00175751508585959,1910.67722406804,-165.856366460291,1993.60540729819,395045.621433652,0.00289252793578554,3.40311938606102,0,-0.00434831729141289,-0.00433103767306572,5001.42296913837,-394.802503964615,5198.82422112067,696592.62203123,0.00510960582911679,5.58409980959586,0,-0.00258606479995758,-0.00257352258720613,3090.74574507032,-228.946137504324,3205.21881382247,301547.000597578,0.00221707789333125,2.18098042353484,0,-0.000532533755032444,-0.000531762961342352,899.817024751275,-51.2015167602225,925.417783131386,190159.334803129,0.000992742752038311,1.57129166209251,0,-0.00189260125496007,-0.00188857869176607,1833.47913294491,-181.691297597745,1924.32478174378,649755.686932488,0.00421204231510242,5.92655387167635,0,-0.00136006749992763,-0.00135681573042371,933.662108193632,-130.489780837522,998.906998612394,459596.352129359,0.0032192995630641,4.35526220958385
46,0,-0.00150164619949388,-0.00149740884051545,2076.53359052834,-139.435000263161,2146.25109065992,393052.016026354,0.00301607856385588,3.35405000284302,0,-0.00302582137396795,-0.00301498950155727,5396.22547310298,-268.218056641721,5530.33450142384,691393.797810109,0.00528941374614833,5.46726299465526,0,-0.00152417517447407,-0.00151758066104183,3319.69188257464,-128.78305637856,3384.08341076392,298341.781783755,0.00227333518229245,2.11321299181225,0,-0.000750522210012573,-0.000749383731500072,951.018541511497,-72.4413000729604,987.239191547982,189233.917019998,0.00103046465254542,1.55308366541647,0,-0.00205019559052428,-0.00204575746722459,2015.17043054264,-196.245925408692,2113.29339324699,647831.362150745,0.00438962196794512,5.87046027535256,0,-0.0012996733805117,-0.00129637373572452,1064.15188903114,-123.804625335732,1126.05420169901,458597.445130747,0.00335915731539971,4.3173766099361
47,0,-0.00159407744080492,-0.00159036839238787,2215.96859079151,-148.725392036078,2290.33128680955,390905.764935694,0.00314595518312133,3.31528053958613,0,-0.00420042715011974,-0.00418520818938378,5664.44352974471,-377.208778587149,5853.04791903828,685863.463308685,0.00549483679891649,5.39280455034727,0,-0.00260634970931482,-0.00259483979699591,3448.47493895319,-228.483386551071,3562.71663222872,294957.698372991,0.00234888161579516,2.07752401076114,0,-0.000296513341774578,-0.000296093815730868,1023.45984158447,-27.7001411171201,1037.30991214303,188246.67782845,0.00106702418507076,1.52727964790952,0,-0.00207000821764462,-0.00206524951446123,2211.41635595134,-196.998904626453,2309.91580826457,645718.068757498,0.00457484216537685,5.81065575019394,0,-0.00177349487587004,-0.00176915569873036,1187.95651436687,-169.298763509333,1272.60589612155,457471.390929048,0.00350781798030608,4.28337610228441
48,0,-0.00059575356535284,-0.000593714095370864,2364.69398282759,-49.2125275484987,2389.30024660184,388615.433648884,0.00329116420778985,3.27325878195589,0,-0.00293141984785144,-0.00291798321256837,6041.65230833186,-248.603296294202,6165.95395647894,680010.415389647,0.00572347871538781,5.28554040945369,0,-0.0023356662824986,-0.00232426911719751,3676.95832550427,-199.390768745703,3776.65370987711,291394.981740762,0.00243231450759795,2.0122816274978,0,-0.000272679977493134,-0.000272164400746493,1051.15998270157,-24.7666489411421,1063.54330717213,187209.367916307,0.00110971806980198,1.51859850389108,0,-0.00162274847238943,-0.00161858872352693,2408.41526057779,-151.839481736631,2484.3350014461,643408.152949233,0.00477283794460481,5.7527162852712,0,-0.0013500684948963,-0.00134642432278044,1357.25527787622,-127.072832795489,1420.79169427397,456198.785032926,0.00366311987480283,4.23411778138012
49,0,-0.00307147061721669,-0.00306094129166358,2413.90651037609,-286.197805390614,2557.0054130714,386226.133402282,0.0034640472260471,3.2664506105573,0,-0.00472419238390665,-0.00470411969545869,6290.25560462606,-416.697113879035,6498.60416156557,673844.461433168,0.00597330679286212,5.22389992280432,0,-0.00165272176668996,-0.00164317840379511,3876.34909424996,-130.499308488421,3941.59874849417,287618.328030886,0.00250925956681503,1.95744931224703,0,-0.00109858749035199,-0.00109597901579907,1075.92663164271,-104.980264467294,1128.41676387636,186145.824609135,0.00116233924004894,1.51175686603556,0,-0.00217039102301638,-0.00216407963072659,2560.25474231443,-203.28147126164,2661.89547794525,640923.817947787,0.00499345800767026,5.71307467667044,0,-0.0010718035326644,-0.00106810061492753,1484.32811067172,-98.3012067943453,1533.47871406889,454777.993338652,0.00383111876762132,4.20131781063488
50,0,-0.00211914655473781,-0.00211082479141124,2700.10431576672,-191.766865396332,2795.98774846488,383669.127989211,0.00362722840713114,3.18734439210976,0,-0.00464202228090474,-0.00461798255788197,6706.9527185051,-398.737312169579,6906.32137458988,667345.857271602,0.0062374727677792,5.11178607967118,0,-0.00252287572616694,-0.00250715776647074,4006.84840273838,-206.970446773247,4110.33362612501,283676.729282391,0.00261024436064805,1.92444168756142,0,-0.000747258359557183,-0.000745825272872796,1180.90689611,-70.7402184565971,1216.2770053383,185017.407845259,0.00120741804795255,1.4772058216984,0,-0.00256894642092848,-0.00256168908830751,2763.53621357607,-240.915458619482,2883.99394288581,638261.922469842,0.00523073774917593,5.65891280148197,0,-0.00182168806137129,-0.00181586381543471,1582.62931746607,-170.175240162885,1667.71693754751,453244.514624583,0.00402331970122338,4.18170697978357
51,0,-0.00409467227115787,-0.00407519895046273,2891.87118116305,-375.421749489019,3079.58205590755,380873.140240746,0.00377951815058442,3.13947003623111,0,-0.00564258211463216,-0.00561141906670328,7105.69003067468,-484.79314160072,7348.08660147505,660439.535897012,0.00649652483103891,5.01034589504635,0,-0.00154790984347428,-0.00153622011624055,4213.81884951163,-109.371392111701,4268.5045455675,279566.395656266,0.00271700668045449,1.87087585881525,0,-0.000211910812006562,-0.000211331725921914,1251.6471145666,-17.2241174867262,1260.25917330997,183801.130839921,0.00124941488620334,1.45479421755871,0,-0.00291526359910885,-0.00290337823921275,3004.45167219554,-268.851575678112,3138.87746003461,635377.928526956,0.00547426234514681,5.59345986404208,0,-0.00270335278710229,-0.00269204651329084,1752.80455762894,-251.627458191386,1878.61828672464,451576.797687036,0.00422484745894347,4.13866564648337
52,0,-0.00119305330175949,-0.00118715384921152,3267.29293065207,-96.6629729625475,3315.62441713335,377793.558184838,0.00392700339109708,3.04124838127321,0,-0.00282366039669926,-0.00280741530966526,7590.4831722754,-217.047414771426,7699.00687966112,653091.449295537,0.00676224083414834,4.88736215799523,0,-0.00163060709493978,-0.00162026146045374,4323.19024162334,-120.384441808879,4383.38246252776,275297.891110699,0.00283523744305125,1.84611377672202,0,-0.000480294163035356,-0.000479170721055792,1268.87123205334,-43.7166271886608,1290.72954564767,182540.871666611,0.00130822827080568,1.45181532121421,0,-0.00219154122161344,-0.00218454831214455,3273.30324787366,-200.202415407403,3373.40445557737,632239.051066922,0.00572549277819123,5.5264578600913,0,-0.00171124705857809,-0.00170537759108876,2004.43201582032,-156.485788218742,2082.6749099297,449698.179400311,0.00441726450738555,4.0746425388771
53,0,-0.00272097513222478,-0.00270818195976938,3363.95590361462,-240.307456391133,3484.10963181019,374477.933767705,0.00410515500950437,3.02442208333566,0,-0.0063300781219388,-0.00628900164263462,7807.53058704683,-530.116281132209,8072.58872761295,645392.442415876,0.0070901537751189,4.8426115219702,0,-0.00360910298971402,-0.00358081968286525,4443.57468343221,-289.808824741076,4588.47909580276,270914.508648171,0.00298499876561453,1.81818943863454,0,0.000816956374938806,0.000813881787373552,1312.58785924199,84.0567451963516,1270.55948664382,181250.142120963,0.00137622631115453,1.43987266303624,0,-0.00153433962015204,-0.00152677325273604,3473.50566328106,-129.608546665589,3538.30993661385,628865.646611344,0.00600611491310798,5.47855254279679,0,-0.00235129599509084,-0.00234065504010959,2160.91780403907,-213.665291861941,2267.75044997003,447615.504490381,0.00462988860195346,4.03867987976055
54,0,-0.00227962893510428,-0.00226696946490423,3604.26336000576,-193.364487874816,3700.94560394317,370993.824135895,0.00432947943951156,2.96823323253752,0,-0.00612473382968744,-0.00607907310873276,8337.64686817904,-495.625999337528,8585.45986784779,637319.853688263,0.00743874705969449,4.71582003458213,0,-0.00384510489458316,-0.00381210364382853,4733.38350817328,-302.261511462713,4884.51426390462,266326.029552368,0.00310926762018293,1.74758680204461,0,-0.000621258428943157,-0.000619465219572821,1228.53111404565,-56.4386933323258,1256.75046071182,179979.582634319,0.00146610775769196,1.47070312584018,0,-0.00303341797390173,-0.00302102450206474,3603.11420994665,-274.226656103457,3740.22753799839,625327.33667473,0.00633564721137359,5.46111937465408,0,-0.00241215954495857,-0.00240155928249191,2374.58309590101,-217.787962771131,2483.47707728657,445347.754040411,0.00486953945368163,3.9904162488139
55,0,-0.00461434918332803,-0.00457922070935442,3797.62784788058,-399.727380386096,3997.49153807363,367292.878531952,0.00455655052100279,2.92773923146201,0,-0.00623719505285097,-0.00618471851064093,8833.27286751657,-488.962434622447,9077.7540848278,628734.393820415,0.00775394341949509,4.60303675184379,0,-0.00162284586952294,-0.00160549780128651,5035.64501963599,-89.2350542363508,5080.26254675417,261441.515288463,0.0031973928984923,1.67529752038178,0,-0.000345098685259458,-0.000343872153611583,1284.96980737797,-28.6324683456245,1299.28604155079,178722.832173607,0.00156185794902863,1.45622592634465,0,-0.00281430892896218,-0.00280085495765393,3877.34086605012,-248.257461008127,4001.46959655418,621587.109136731,0.00668100259393412,5.3980313897269,0,-0.00246921024370273,-0.00245698280404234,2592.37105867214,-219.624992662502,2702.18355500339,442864.276963124,0.00511914464490548,3.94180546338226
56,0,-0.00240042604429608,-0.00238230395337263,4197.35522826666,-189.584819332712,4292.14763793301,363295.386993878,0.00476513641436105,2.83845098554389,0,-0.00512311549748523,-0.00507755633082966,9322.23530213902,-375.655432644711,9510.06301846137,619656.639735588,0.00810188599632433,4.49623250595493,0,-0.00272268945318915,-0.00269525237745703,5124.88007387235,-186.070613311999,5217.91538052836,256361.252741709,0.00333674958196328,1.65778152041105,0,-3.18438345654455e-05,-3.17220335526208e-05,1313.60227572361,1.97716083565166,1312.61369530579,177423.546132057,0.00164751650330919,1.45132544098835,0,-0.00322826764037562,-0.00321079801279451,4125.59832705825,-282.057202181811,4266.62692814917,617585.639540177,0.00703986506723719,5.34711135535814,0,-0.00319642380581018,-0.00317907597924189,2811.99605133465,-284.034363017463,2954.01323284338,440162.09340812,0.00539234856392801,3.8957859143698
57,0,-0.00434505555654403,-0.00430870294938778,4386.94004759938,-360.51438320614,4567.19723920245,359003.239355945,0.00499107807882515,2.80391007997429,0,-0.00686947560350445,-0.00680346045794044,9697.89073478372,-515.862441173529,9955.82195537048,610146.576717126,0.00850925898997601,4.42091320505656,0,-0.00252442004696042,-0.00249475750855266,5310.95068718435,-155.34805796739,5388.62471616804,251143.337361181,0.00351818091115086,1.61700312508227,0,-0.00293245084243602,-0.00292245932155596,1311.62511488795,-275.633762451156,1449.44199611353,176110.932436751,0.00175127674510112,1.45599984316841,0,-0.0056285235445882,-0.00560181283998112,4407.65552924006,-507.306189653476,4661.30862406679,613319.012612028,0.00742928763539408,5.29083356098241,0,-0.00269607270215218,-0.00267935351842516,3096.03041435211,-231.67242720232,3211.86662795326,437208.080175277,0.00567801089029296,3.834833717814
58,0,-0.00491996617523255,-0.0048780487804878,4747.4544308055,-405.512156932485,4950.21050927175,354436.042116743,0.00524953032327125,2.72946849010393,0,-0.00761787535063089,-0.00754285303494614,10213.7531759572,-568.288531710348,10497.8974418124,600190.754761756,0.00894982318277748,4.31417812899965,0,-0.00269790917539835,-0.00266480425445834,5466.29874515174,-162.776374777864,5547.68693254066,245754.712645013,0.00370029285950624,1.58470963889572,0,-0.000897542343238369,-0.000893349408397395,1587.25887733912,-77.9092345787915,1626.21349462851,174661.490440638,0.00181969400392623,1.38043864891752,0,-0.00361688759510386,-0.0035951153823369,4914.96171889354,-307.797295621781,5068.86036670442,608657.703987961,0.0078078837293738,5.17215906539813,0,-0.00271934525186549,-0.0027017659739395,3327.70284155442,-229.888061042989,3442.64687207591,433996.213547324,0.00598818972544757,3.79172041648062
59,0,-0.00409505454361242,-0.00405215611177694,5152.96658773799,-313.264109050683,5309.59864226333,349485.831607471,0.00548148931336057,2.64586003472978,0,-0.00691401872982369,-0.00683202047584835,10782.0417076676,-471.962623042641,11018.0230191889,589692.857319944,0.00938579437015086,4.1972437820254,0,-0.00281896418621127,-0.0027798643640714,5629.07511992959,-158.698513991958,5708.42437692557,240207.025712472,0.00390430505679029,1.55138374729562,0,-0.000617884647580781,-0.000614489676989678,1665.16811191791,-49.2599783502591,1689.79810109304,173035.27694601,0.00187862692165741,1.36305955798599,0,-0.00397537179526956,-0.00394692246818625,5222.75901451531,-330.789687279035,5388.15385815482,603588.843621257,0.00822025488839817,5.11413529667158,0,-0.00335748714768878,-0.00333243279119657,3557.5909025974,-281.529708928775,3698.35575706178,430553.566675248,0.00634162796674076,3.75107573868559
60,0,-0.00457383585345671,-0.00452659052861984,5466.23069678867,-349.506188875075,5640.98379122622,344176.232965208,0.00574459388439663,2.58799392469298,0,-0.00957835925176249,-0.00945590795114442,11254.0043307102,-676.712365299059,11592.3605133598,578674.834300755,0.00987045167645573,4.10789855331016,0,-0.00500452339830578,-0.00492931742252459,5787.77363392155,-327.206176423985,5951.37672213354,234498.601335547,0.0041258577920591,1.51990462861718,0,0.000819651197647409,0.000815647814293522,1714.42809026816,85.5040890641556,1671.67604573608,171345.478844916,0.00198655215123045,1.3547015697363,0,-0.00300431755303046,-0.00298395122614862,5553.54870179434,-238.698778680591,5672.89809113463,598200.689763102,0.00870650184948052,5.05612407130692,0,-0.00382396875067787,-0.00379959904044214,3839.12061152617,-324.202867744746,4001.22204539855,426855.210918186,0.00671994969825007,3.70142250157062
61,0,-0.00470292237892293,-0.00463994357449644,5815.73688566375,-333.86118210342,5982.66747671546,338535.249173982,0.00604730076021476,2.52270640518019,0,-0.00881419479698518,-0.00867846099626588,11930.7166960093,-559.67374014691,12210.5535660828,567082.473787395,0.0103600516871671,3.97476599493325,0,-0.00411127241806225,-0.00403851742176945,6114.97981034554,-225.81255804349,6227.8860893673,228547.224613413,0.00431275092695238,1.45205958975306,0,-0.00254167393033616,-0.00252633172992567,1628.92400120401,-227.85104027399,1742.84952134099,169673.80279918,0.0021404658453833,1.38172988984492,0,-0.00710863871750699,-0.00704969011744957,5792.24748047494,-600.502915569371,6092.49893825961,592527.791671967,0.00926232452334852,5.02148984343864,0,-0.00456696478717083,-0.0045233583875239,4163.32347927093,-372.651875295381,4349.64941691862,422853.988872787,0.00712185867796522,3.63975995359371
62,0,-0.00454911259381823,-0.00448863522070508,6149.59806776716,-311.216610503591,6305.20637301894,332552.581697266,0.00636888017968396,2.46557324173559,0,-0.00725192162445685,-0.00714593042919832,12490.3904361562,-420.193694654737,12700.4872834836,554871.920221312,0.010852608457445,3.87188825031595,0,-0.00270280903063862,-0.00265729520849324,6340.79236838904,-108.977084151145,6395.28091046461,222319.338524046,0.004483728277761,1.40631500858037,0,-0.00234009318150365,-0.00232645806659231,1856.77504147799,-206.737204440326,1960.14364369815,167930.953277839,0.00227269181961176,1.32913925768399,0,-0.00624820160633634,-0.00619972275459309,6392.7503960443,-516.058203611366,6650.77949784997,586435.292733708,0.00981408379231496,4.90567249522985,0,-0.00390810842483269,-0.00387326468800078,4535.97535456631,-309.320999171041,4690.63585415183,418504.339455869,0.0075413919727032,3.57653323754586
63,0,-0.00752398127044521,-0.00740430175809499,6460.81467827075,-536.912137812698,6729.2707471771,326247.375324247,0.00672837492431633,2.41383385762035,0,-0.0104078816207764,-0.010227726778715,12910.5841308109,-626.794215216704,13223.9812384193,542171.432937828,0.0114739959294812,3.79892961923173,0,-0.00288390035033122,-0.00282342502061998,6449.76945254019,-89.8820774040059,6494.71049124218,215924.057613581,0.00474562100516485,1.38509576161139,0,-0.000689882781615601,-0.000684887912486576,2063.51224591832,-48.710749055381,2087.86762044602,165970.809634141,0.0023526674149339,1.28280969775007,0,-0.00635412501679739,-0.0062903726290213,6908.80859965566,-500.137914946944,7158.87755712913,579784.513235858,0.0103581486733624,4.81058442177375,0,-0.00566424223518179,-0.00560548471653473,4845.29635373734,-451.427165891563,5071.00993668311,413813.703601717,0.00800548125842848,3.52777472402368
64,0,-0.0102696402388763,-0.0101059494115811,6997.72681608345,-747.846213253549,7371.64992271023,319518.10457707,0.00705732186159314,2.31769535320984,0,-0.0118645954094126,-0.0116662764465486,13537.3783460276,-727.272677518953,13901.0146847871,528947.451699409,0.0121382930917535,3.68606995898811,0,-0.00159495517053625,-0.00156032703496746,6539.6515299442,20.5735357345957,6529.3647620769,209429.347122339,0.00508097123016038,1.36837460577827,0,0.000165782237705511,0.00016442494288145,2112.22299497371,32.5054773791682,2095.97025628413,163882.942013695,0.00248234617505716,1.27680247669671,0,-0.00527247102199745,-0.0052151810173021,7408.94651460261,-386.846930671902,7602.36997993855,572625.635678729,0.01098682396631,4.72876245509017,0,-0.00543825325970296,-0.00537960596018355,5296.7235196289,-419.35240805107,5506.39972365442,408742.693665034,0.00850447779125285,3.45195997839346
65,0,-0.00390183172466479,-0.00383787683866376,7745.573029337,-193.886274868882,7842.51616677144,312146.45465436,0.00726577039090937,2.17818637607837,0,-0.00762600272902396,-0.00748719130399684,14264.6510235466,-341.73594520151,14435.5189961474,515046.437014622,0.0127601580265975,3.55241224343117,0,-0.00372417100435917,-0.00364931446533309,6519.0779942096,-147.849670332628,6593.00282937591,202899.982360262,0.0054943876356881,1.37422586735281,0,-0.000548913722883528,-0.000544576264438012,2079.71751759453,-33.3866714164989,2096.41085330278,161786.971757411,0.00268340747537843,1.29092334248375,0,-0.00658526312603236,-0.00651364824513494,7795.7934452745,-492.681699355001,8042.134294952,565023.26569879,0.0117116865170638,4.67657066976095,0,-0.00603634940314884,-0.00596907198069693,5716.07592767997,-459.295027938502,5945.72344164923,403236.293941379,0.00902827904168535,3.3856473272772
66,0,-0.00709443271159068,-0.00693698794161477,7939.45930420588,-394.191792126611,8136.55520026918,304303.938487588,0.00761506835571268,2.15016239798236,0,-0.00996122677554033,-0.00972639798147774,14606.3869687481,-422.375976782613,14817.5749571394,500610.918018474,0.0135708805190808,3.49769703617238,0,-0.00286679406394965,-0.00278941003986297,6666.92766454222,-28.1841846560014,6681.01975687023,196306.979530886,0.00595581216336816,1.34753463819002,0,-0.003668242181244,-0.00363303044795154,2113.10418901104,-309.620549893729,2267.91446395789,159690.560904108,0.00291401058057716,1.28990026004773,0,-0.0111774118581801,-0.0110289467395768,8288.4751446295,-857.197094534857,8717.07369189692,556981.131403838,0.0125324724972354,4.60315294265992,0,-0.00750916967693606,-0.00739591629162524,6175.37095561846,-547.576544641128,6449.15922793903,397290.57049973,0.00961846191665827,3.31325268261218
67,0,-0.00713138596809086,-0.0069737593395495,8333.6510963325,-376.457966827871,8521.88007974642,296167.383287319,0.00810216942481601,2.08661294762579,0,-0.0107097644941978,-0.010454579399433,15028.7629455307,-446.857643639934,15252.1917673507,485793.343061335,0.0145431197255617,3.43119925169675,0,-0.00357837852610698,-0.00348082005988351,6695.11184919822,-70.3996768120637,6730.31168760426,189625.959774016,0.00644095030074565,1.34458630407096,0,-0.00151928220715568,-0.00150188984604669,2422.72473890476,-107.27780093554,2476.36363937252,157422.646440151,0.00308008960826522,1.22971783824721,0,-0.00842886513964757,-0.00830386095000977,9145.67223916436,-582.901005681403,9437.12274200506,548264.057711941,0.0133031023265645,4.46178817397581,0,-0.00690958293249189,-0.00680197110396308,6722.9475002596,-475.623204745863,6960.75910263254,390841.411271791,0.0102230127182993,3.2320703357286
68,0,-0.0125460357704808,-0.0122422332112951,8710.10906316037,-752.122056577819,9086.17009144928,287645.503207572,0.00854373407166287,2.02557595408342,0,-0.0171241820145883,-0.0166719377629547,15475.6205891706,-845.58325163437,15898.4122149878,470541.151293984,0.0155429872911286,3.3596982320531,0,-0.00457814624410751,-0.00442970455165957,6765.51152601028,-93.4611950565513,6812.24212353854,182895.648086412,0.00699925321946571,1.33412227796968,0,-0.000730073014522747,-0.000722939122948275,2530.00253984029,-39.4985951468852,2549.75183741373,154946.282800778,0.00323933051034986,1.21507131190884,0,-0.0109678203765777,-0.0108056168878149,9728.57324484576,-777.562223343618,10117.3543565176,538826.934969936,0.0141157840946973,4.38204192059809,0,-0.0102377473620549,-0.0100826777648666,7198.57070500546,-738.063628196732,7567.60251910385,383880.652169158,0.0108764535843474,3.16697060868925
69,0,-0.0124439952329949,-0.0120818762295664,9462.23111973819,-651.468375650737,9787.96530756357,278559.333116123,0.00887620779207099,1.89349077992283,0,-0.018990464088503,-0.0183787487340426,16321.203840805,-820.103060282267,16731.2553709462,454642.739078996,0.0164584570952265,3.21339871943623,0,-0.00654646885550811,-0.00629687250447618,6858.97272106683,-168.63468463153,6943.29006338259,176083.405962873,0.00758224930315554,1.3199079395134,0,-0.00489947306913599,-0.00483501029616113,2569.50113498718,-391.786910036739,2765.39459000554,152396.530963364,0.00350183169267237,1.2137901173943,0,-0.0170362481282582,-0.0167114809156381,10506.1354681894,-1203.9985235203,11108.1347299495,528709.580613419,0.0150601165060495,4.26494367834484,0,-0.0121367750591222,-0.011876470619477,7936.63433320221,-812.211613483556,8342.74013994398,376313.049650054,0.0115582848133772,3.05115356095054
70,0,-0.00890130327301004,-0.00864930013850522,10113.6994953889,-357.320371355453,10292.3596810666,268771.36780856,0.00905458819708549,1.77690284436515,0,-0.0164477799112412,-0.0159230348367747,17141.3069010873,-581.648526308372,17432.1311642415,437911.48370805,0.0171768215023991,3.06827914369568,0,-0.00754647663823118,-0.00727373469826952,7027.60740569836,-224.328154952919,7139.77148317482,169140.115899491,0.00812223330531359,1.29137629933054,0,0.000232190467525897,0.000229295478734296,2961.28804502392,56.9603624842907,2932.80786378177,149631.136373359,0.00370868701741778,1.1445391934146,0,-0.0118600931067816,-0.0116422649015771,11710.1339917097,-744.659740238039,12082.4638618287,517601.445883469,0.015869091733372,4.0758683729042,0,-0.0120922835743075,-0.0118715603803114,8748.84594668576,-801.620102722329,9149.65599804692,367970.309510111,0.0121604047159543,2.9313291794896
71,0,-0.0106731208313579,-0.0103293232282177,10471.0198667444,-409.331886288554,10675.6858098887,258479.008127493,0.00938788527380396,1.71031270541374,0,-0.0211730896366411,-0.02038605929769,17722.9554273957,-740.371598095824,18093.1412264436,420479.352543809,0.0180226587871549,2.96106916832277,0,-0.0104999688052832,-0.0100567360694723,7251.93556065128,-331.03971180727,7417.45541655491,162000.344416316,0.00863477351335096,1.25075646290904,0,-0.00716089229779784,-0.0070317422493681,2904.32768253962,-550.712310757062,3179.68383791814,146698.328509577,0.00397138225723126,1.1629030076774,0,-0.0183643486777669,-0.0179337654536519,12454.7937319477,-1159.57416565047,13034.5808147729,505518.982021641,0.0167630252796267,3.97155556433697,0,-0.0112034563799691,-0.0109020232042838,9550.46604940809,-608.861854893404,9854.89697685478,358820.653512064,0.0127916430223954,2.80865255665957
72,0,-0.00271050024910807,-0.00262192044166028,10880.3517530329,174.426633328104,10793.1384363689,247803.322317604,0.00985276958974401,1.63163198042449,0,-0.0116288257238609,-0.0111997071041929,18463.3270254915,-56.3318981172706,18491.4929745501,402386.211317365,0.0189298261196721,2.81903717866066,0,-0.0089183254747528,-0.00857778666253266,7582.97527245854,-230.758531445375,7698.35453818123,154582.888999761,0.00907705652992807,1.18740519823618,0,-0.0031557307160316,-0.00310700295239901,3455.03999329667,-208.212475244831,3559.14623091908,143518.644671659,0.00420292569198844,1.07018452943629,0,-0.012647271321703,-0.0123936683355169,13614.3678975982,-706.974608336692,13967.8552017665,492484.401206868,0.0177501504785289,3.79966023732159,0,-0.0094915406056714,-0.00928666538311787,10159.3279043015,-498.762133091861,10408.7089708474,348965.756535209,0.0135472247865405,2.72947570788531
73,0,-0.0170481580061286,-0.0164058116639415,10705.9251197048,-707.001412818492,11059.4258261141,237010.183881235,0.0106410921347273,1.65429980990233,0,-0.0255895431631727,-0.0245230617527608,18519.6589236087,-790.146989949606,18914.7324185835,383894.718342815,0.0201907804917238,2.79342223025554,0,-0.00854138515704405,-0.0081172500888193,7813.73380390392,-83.1455771311148,7855.30659246947,146884.53446158,0.00954968835699654,1.13912242035321,0,-0.00438473898011817,-0.00430088462676815,3663.2524685415,-286.357198864159,3806.43106797356,139959.49844074,0.0043574921914179,1.03913655178155,0,-0.0189434504825217,-0.0184483160873226,14321.3425059349,-1055.43606260725,14849.0605372385,478516.546005101,0.0188827870718623,3.70265197866872,0,-0.0145587115024035,-0.0141474314605545,10658.0900373934,-769.078863743088,11042.6294692649,338557.047564361,0.0145252948804444,2.66351542688717
74,0,-0.0180950999822755,-0.0173372645370538,11412.9265325233,-650.446114309997,11738.1495896783,225950.758055121,0.0113199200070835,1.5222142193921,0,-0.0242989483019559,-0.0232111273815013,19309.8059135583,-551.943155291969,19585.7774912043,364979.985924231,0.0215285199063624,2.63393878943377,0,-0.00620384831968041,-0.00587386284444751,7896.87938103503,98.5029590180279,7847.62790152602,139029.22786911,0.0102085998992789,1.11172457004167,0,-0.00824400246736575,-0.00808318570690075,3949.60966740565,-580.219790492511,4239.7195626519,136153.067372766,0.00463681621371204,0.996113446617134,0,-0.0230676050674898,-0.0224531711630648,15376.7785685421,-1286.59509024809,16020.0761136661,463667.485467863,0.0202146853585659,3.55299527219645,0,-0.0148236026001241,-0.0143699854561641,11427.1689011365,-706.375299755582,11780.3565510142,327514.418095097,0.0155778691448538,2.55688182557932
75,0,-0.0237097145994495,-0.0227368627890602,12063.3726468333,-924.759923658633,12525.7526086626,214212.608465443,0.0114103425238029,1.38960074883584,0,-0.0338177602362034,-0.0322713627095587,19861.7490688503,-978.529503195652,20351.0138204481,345394.208433027,0.0224965652527307,2.50390846419258,0,-0.0101080456367539,-0.00953449992049848,7798.37642201701,-53.7695795370187,7825.26121178552,131181.599967584,0.0110862227289278,1.11430771535674,0,-0.00577908906760086,-0.00564924246377163,4529.82945789816,-348.299035584964,4703.97897569064,131913.347810114,0.00478230677702762,0.902901754115426,0,-0.0226026209359097,-0.0219127946525505,16663.3736587902,-1103.07159666013,17214.9094571203,447647.409354197,0.0213522413643432,3.36259795631713,0,-0.0168235318683089,-0.0162635521887789,12133.544200892,-754.772561075165,12510.9304814296,315734.061544082,0.0165699345873156,2.45969620220171
76,0,-0.0198922408231123,-0.0187961962373389,12988.1325704919,-404.656999409397,13190.4610701966,201686.85585678,0.0112192270366666,1.2013858314886,0,-0.0256069266029087,-0.0241293117813698,20840.278572046,-136.41183750142,20908.4844907967,325043.194612579,0.0232939751315786,2.28944355744505,0,-0.00571468577979643,-0.00533311554403086,7852.14600155402,268.245161907977,7718.02342060003,123356.338755799,0.012074748094912,1.08805772595645,0,-0.00765635707946209,-0.00745861382762768,4878.12849348312,-454.79003745161,5105.52351220892,127209.368834423,0.00489936173763328,0.848556906753453,0,-0.0261708755437173,-0.0252645469799253,17766.4452554503,-1187.22348854403,18360.0569997223,430432.499897076,0.0225571156277591,3.20158488123251,0,-0.0185145184642553,-0.0178059331522976,12888.3167619672,-732.433451092421,13254.5334875134,303223.131062653,0.0176577538901258,2.35302797447905
77,0,-0.0278900386374739,-0.0264577013818672,13392.7895699013,-807.275581308076,13796.4273605554,188496.394786583,0.0108523012259537,1.07294693780707,0,-0.0396472785474956,-0.0373984473562,20976.6904095474,-778.180663133498,21365.7807411141,304134.710121782,0.0241051712850221,2.18921398436202,0,-0.0117572399100217,-0.0109407459743328,7583.90083964604,29.0949181745787,7569.35338055875,115638.315335199,0.0132528700590684,1.11626704655494,0,-0.00108897062274505,-0.00104998453377937,5332.91853093472,112.908720341944,5276.46417076375,122103.845322215,0.00505631052269895,0.776761956776728,0,-0.0233840349596948,-0.0223028013548809,18953.6687439943,-656.021967908866,19281.6797279488,412072.442897354,0.0238355868803924,3.02391204051283,0,-0.0222950643369497,-0.0212528168211015,13620.7502130596,-768.93068825081,14005.215557185,289968.597575139,0.0187792763576935,2.2471500837361
78,0,-0.0268145718333539,-0.0252891980074237,14200.0651512094,-545.641088624146,14472.8856955215,174699.967426028,0.0101697176348048,0.866363553545716,0,-0.0295953406606463,-0.0278743866066206,21754.8710726809,-115.987398896777,21812.8647721293,282768.929380668,0.024747392081493,1.96715268174583,0,-0.00278076882729239,-0.00258518859919692,7554.80592147146,429.65368972737,7339.97907660777,108068.96195464,0.0145776744466882,1.10078912820011,0,-0.00329098974536237,-0.00318238107562623,5220.00981059278,-59.2852477068545,5249.65243444621,116827.381151451,0.00540900392845756,0.793068231842094,0,-0.0225535384664294,-0.0216047768120728,19609.6907119032,-593.14277159058,19906.2620976985,392790.763169405,0.0252117101698186,2.92204870682751,0,-0.0192625487210671,-0.0184223957364466,14389.6809013104,-533.857523883725,14656.6096632523,275963.382017954,0.019802706241361,2.12898047498542
79,0,-0.0186975671839705,-0.0173827123783683,14745.7062398336,170.090442035987,14660.6610188156,160227.081730507,0.00898076443029716,0.677138745147769,0,-0.0369875055152906,-0.0340872465186579,21870.8584715777,133.323763281162,21804.1965899371,260956.064608539,0.02536992138495,1.84026799426451,0,-0.0182899383313201,-0.0167045341402897,7125.15223174409,-36.7666787548251,7143.53557112149,100728.982878032,0.0163891569546528,1.16312924911674,0,-0.0111255975662755,-0.0107125861820918,5279.29505829963,-560.466307875311,5559.52821223729,111577.728717005,0.00602010146473497,0.783739365235526,0,-0.0418733011192293,-0.0397212607336744,20202.8334834938,-1465.21887694844,20935.442921968,372884.501071707,0.0270234323280717,2.82366497869734,0,-0.0307477035529538,-0.0290086745515825,14923.5384251942,-904.752569073127,15375.9147097307,261306.772354702,0.0210033308633367,2.03992561346181
80,0,-0.00415835087127783,-0.00394908707487385,14575.6157977976,555.934309859621,14297.6486428678,145566.420711691,0.00797326097853202,0.567525153487046,0,-0.0429940438377882,-0.0400728929292745,21737.5347082965,-253.615826366279,21864.3426214796,239151.868018602,0.0261929236267957,1.70093494164352,0,-0.0388356929665104,-0.0361238058544007,7161.91891049891,-809.5501362259,7566.69397861187,93585.4473069106,0.0182196626482637,1.13340978815648,0,-0.0128188246447994,-0.0124744920024219,5839.76136617493,-692.193952806739,6185.8583425783,106018.200504767,0.0063144731887681,0.697172092765062,0,-0.0389913480257723,-0.0374619018377679,21668.0523604422,-1399.84741211114,22367.9760664978,351949.058149739,0.0283440278566722,2.57709953157688,0,-0.0261725233809729,-0.024987409835346,15828.2909942673,-707.653459304401,16182.1177239195,245930.857644971,0.0220295546679041,1.87992743881182
81,0,-0.0294839966184764,-0.0273816640864109,14019.681487938,-213.556515220384,14126.4597455481,131268.772068823,0.00810800565972702,0.564497010764942,0,-0.0624385156787658,-0.057086333018085,21991.1505346628,-416.343008057185,22199.3220386914,217287.525397122,0.0262964531442524,1.50057610619949,0,-0.0329545190602894,-0.0297046689316741,7971.46904672481,-202.786492836801,8072.86229314321,86018.7533282988,0.0181884474845254,0.936079095434547,0,-0.0126425311477334,-0.0120512053828251,6531.95531898167,-490.127022080119,6777.01883002173,99832.342162189,0.0062361738479294,0.591130021334383,0,-0.0540114071565936,-0.0504690678254893,23067.8997725533,-1395.09384881119,23765.4466969589,329581.082083241,0.0291697637230037,2.33565561156887,0,-0.0413688760088602,-0.0384178624426642,16535.9444535717,-904.966826731069,16988.4278669372,229748.739921052,0.0229335898750743,1.74452559023449
82,0,-0.0222309810189176,-0.0205197228144989,14233.2380031583,259.627265857804,14103.4243702294,117142.312323275,0.00773433474457985,0.384225092230043,0,-0.0325637212291761,-0.0299094209541971,22407.49354272,736.26343276717,22039.3618263364,195088.203358431,0.0248372805689628,1.19411740640541,0,-0.0103327402102585,-0.00938969813969814,8174.25553956161,476.636166909366,7935.93745610693,77945.8910351556,0.017102945824383,0.809892314175364,0,-0.00857692980920707,-0.00818414322250639,7022.08234106179,-191.931907021456,7118.04829457251,93055.3233321672,0.00605609667999774,0.503907571034391,0,-0.0362329610957788,-0.0341138128547263,24462.9936213645,-408.07975083379,24667.0334967814,305815.635386282,0.0294961199301351,2.04550474510466,0,-0.0276560312865718,-0.0259296696322199,17440.9112803027,-216.147843812334,17548.9852022089,212760.312054115,0.0234400232501374,1.54159717407027
83,0,-0.0483867231834712,-0.0440044236136711,13973.6107373005,-404.040116058487,14175.6307953298,103038.887953046,0.00587832137148181,0.257450746760933,0,-0.0709577684012134,-0.0638519347807963,21671.2301099528,3.70513659512835,21669.3775416552,173048.841532094,0.0234701725690226,1.0822382370348,0,-0.0225710452177423,-0.0198475111671252,7697.61937265225,407.745252653615,7493.74674632544,70009.9535790486,0.0175918511975408,0.82478749027387,0,0.00637874020336218,0.00593159531212629,7214.01424808324,872.471928479111,6777.77828384368,85937.2750375947,0.00601436269521494,0.454458635430608,0,-0.0344559653683861,-0.031421035716161,24871.0733721983,622.649620488107,24559.7485619543,281148.601889501,0.0297861358948521,1.88802668681028,0,-0.0408347055717483,-0.0373526310282873,17657.0591241151,-249.822307991004,17781.9702781106,195211.326851906,0.0237717731996372,1.43356805137967
84,0,-0.00387751851815739,-0.00346518261192859,14377.650853359,1450.01939794867,13652.6411543847,88863.2571577159,0.00222929774599878,-0.0456717768756718,0,-0.0266102060632215,-0.0235278967500692,21667.5249733577,1844.60756452171,20745.2211910968,151379.463990439,0.0213327291422473,0.750948918877911,0,-0.0227326875450641,-0.0200627141381406,7289.87411999864,394.588166573041,7092.58003671212,62516.2068327232,0.0191034313962485,0.796620695753583,0,0.0121017766973846,0.0112412765557086,6341.54231960413,1088.40450217331,5797.34006851748,79159.496753751,0.00702646814016838,0.541768079328665,0,-0.0266064384167954,-0.0242607156809405,24248.4237517102,1045.4503896144,23725.698556903,256588.853327546,0.0313318297424815,1.81364744907784,0,-0.03870821511418,-0.0355019922366491,17906.8814321061,-42.9541125589185,17928.3584883855,177429.356573795,0.0243053616023131,1.27187936974918
85,0,-0.0434519125534782,-0.0391464222052457,12927.6314554103,86.4771033584429,12884.3929037311,75210.6160033312,-0.00136582092792548,-0.0765795966729428,0,-0.0662658906172029,-0.0590668832563506,19822.9174088359,563.741876182995,19541.0464707444,130634.242799342,0.0184051285883674,0.689208859247552,0,-0.0228139780637247,-0.0199204610511049,6895.28595342559,477.264772824552,6656.65356701332,55423.6267960111,0.0197709495162929,0.765788455920495,0,-0.000810654313839032,-0.000754469250478895,5253.13781743082,331.463156361791,5087.40623924993,73362.1566852335,0.00954689340043957,0.678158957011323,0,-0.0494895320833887,-0.0450029960795694,23202.9733620958,218.455849175828,23093.7454375079,232863.154770643,0.0335352269763766,1.80129405985913,0,-0.0486788777695497,-0.0442485268290905,17949.835544665,-113.007307185963,18006.339198258,159500.99808541,0.023988333575937,1.12313510284781
86,0,-0.000445611330571347,-0.000397700324743802,12841.1543520519,1408.6536068471,12136.8275486284,62326.2230996,-0.00527743083976484,-0.352309152504494,0,-0.0370972641661157,-0.0325452744390849,19259.1755326529,1623.28638530922,18447.5323399983,111093.196328598,0.0154037593647581,0.393005515594892,0,-0.0366516528355443,-0.0321475741143411,6418.02118060104,214.632778462121,6310.70479136998,48766.9732289978,0.020681190204523,0.745314668099386,0,-0.00311942959001782,-0.00287917737789201,4921.67466106903,247.74931361223,4797.80000426291,68274.7504459836,0.0123710588487722,0.723728782406289,0,-0.0390861130832031,-0.0354635362504605,22984.51751292,789.568197078328,22589.7334143808,209769.409333135,0.0355144462152831,1.64718912881045,0,-0.0359666834931853,-0.0325843588725685,18062.842851851,541.818883466098,17791.9334101179,141494.658887152,0.0231433873665109,0.923460346404165
87,0,0.0496237930290688,0.0421807592752373,11432.5007452048,2843.91544713199,10010.5430216388,50189.3955509717,-0.0105481694280963,-0.398687257066094,0,0.0449619366158876,0.0381352348110007,17635.8891473437,3627.02615883318,15822.3760679271,92645.6639885995,0.0102401018651338,0.247116809795664,0,-0.00466185641318123,-0.00404552446423656,6203.38840213892,783.110711701195,5811.83304628832,42456.2684376278,0.0207882712932301,0.645804066861758,0,-0.017985401149407,-0.0164582025871925,4673.9253474568,-326.073022065845,4836.96185848972,63476.9504417207,0.0149639376646387,0.764144863531692,0,-0.0475668959510177,-0.0429231304930785,22194.9493158417,687.57182698779,21851.1634023478,187179.675918755,0.0371516610901838,1.5686348710429,0,-0.0295814948016107,-0.026464927905886,17521.0239683849,1013.64484905364,17014.201543858,123702.725477034,0.0221877234255451,0.804490007511206
88,0,-0.012993762993763,-0.0114039143165357,8588.58529807282,844.335709396271,8166.41744337468,40178.8525293329,-0.00925917219713668,-0.19021439397519,0,-0.0384537963981857,-0.0333522471011014,14008.8629885105,1309.94545406539,13353.8902614779,76823.2879206723,0.0131749600108676,0.532802342674599,0,-0.0254600334044227,-0.0219483327845657,5420.27769043773,465.609744669121,5187.47281810317,36644.4353913395,0.0224341322080043,0.723016736649789,0,0.00573866514690982,0.00513488820108929,4999.99836952264,749.235442756119,4625.38064814458,58639.9885832309,0.0171015564896876,0.722101257076303,0,-0.0384213462563283,-0.0336746655476444,21507.3774888539,1653.17042980602,20680.7922739509,165328.512516407,0.0397240946062285,1.45705392807406,0,-0.0441600114032381,-0.0388095537487337,16507.3791193312,903.934987049899,16055.4116258063,106688.523933176,0.0226225381165409,0.734952670997759
89,0,-0.00349615670716588,-0.00300375469336672,7744.24958867655,1076.6076300015,7205.9457736758,32012.4350859582,-0.00784089064086602,-0.287141455403916,0,-0.0463216434842655,-0.0390237568092248,12698.9175344452,1461.12470874327,11968.3551800735,63469.3976591945,0.018251207137754,0.425774117433112,0,-0.0428254867770997,-0.0360200021158581,4954.6679457686,384.517078741776,4762.40940639772,31456.9625732363,0.02609209777862,0.712915572837028,0,-0.0557168784029038,-0.050367089126779,4250.76292676652,-1406.51603473222,4954.02094413263,54014.6079350863,0.020393200716767,0.844273279248227,0,-0.0972396041361559,-0.0862232987072014,19854.2070590478,-143.157247453363,19925.7856827745,144647.720242456,0.0428750979402656,1.44963463009286,0,-0.0415227257332521,-0.0358562095804224,15603.4441322813,1263.35878727886,14971.7647386419,90633.1123073697,0.0224818972234986,0.605361350844631
90,0,-0.00707762557077626,-0.00620000000000001,6667.64195867505,756.33501782135,6289.47444976438,24806.4893122824,-0.0117859514064704,-0.354097579453293,0,-0.067479674796748,-0.0574898411525674,11237.7928257019,952.359802112811,10761.6129246455,51501.042479121,0.0152922732976878,0.288251894360585,0,-0.0604020492259717,-0.0512898411525674,4570.15086702683,196.024784291461,4472.1384748811,26694.5531668386,0.0270782247041582,0.642349473813877,0,-0.0321991456768302,-0.0285609762470929,5657.27896149874,-276.261314673785,5795.40961883563,49060.5869909537,0.021971543187228,0.62623084713283,0,-0.0691859599119173,-0.0603258847398608,19997.3643065012,1102.80797522463,19445.9603188889,124721.934559681,0.042845434177163,1.12291175806966,0,-0.0369868142350872,-0.0317649084927679,14340.0853450025,1379.06928989841,13650.5507000533,75661.3475687278,0.020873890989935,0.49668091093683
91,0,0.0106608038908405,0.00892494606365207,5911.3069408537,1128.04957953978,5347.28215108381,18517.014862518,-0.0166572548958424,-0.439223436288521,0,-0.0228215014364544,-0.0188166328401166,10285.4330235891,1673.90034324857,9448.48285196479,40739.4295544755,0.00804801124470589,0.0406833153045785,0,-0.0334823053272949,-0.0277415789037687,4374.12608273537,545.850763708791,4101.20070088097,22222.4146919575,0.0247052661405482,0.4799067515931,0,-0.0241813149347055,-0.0209608743987584,5933.54027617252,211.486056993628,5827.79724767571,43265.1773721181,0.0203699606416834,0.542354918081045,0,-0.0616692378247042,-0.0525443798408639,18894.5563312766,1723.48670259785,18032.8129799777,105275.974240793,0.0397292147789648,0.950463483064757,0,-0.0374879228899987,-0.0315835054421054,12961.0160551041,1512.00064560422,12205.0157323019,62010.7968686745,0.0193592541372815,0.408108564983711
92,0,0.0174726135005715,0.0144063118747922,4783.25736131393,1044.1792745618,4261.16772403303,13169.7327114342,-0.0222659795552447,-0.48187268729166,0,-0.0162618986849845,-0.013205017446228,8611.5326803405,1577.48940446569,7822.78797810766,31290.9467025107,7.01653050427797e-06,-0.0466437802922472,0,-0.033734512185556,-0.0276113293210201,3828.27531902658,533.310129903895,3561.62025407463,18121.2139910765,0.022272996085749,0.435228906999413,0,-0.0271272684526247,-0.023132130074095,5722.0542191789,298.037781283257,5573.03532853727,37437.3801244424,0.0212139060129404,0.512269453316856,0,-0.0625589144648098,-0.0524922416742854,17171.0696286787,1869.81917032857,16236.1600435145,87243.161260815,0.0390089465673472,0.834720011090698,0,-0.0354316460121851,-0.0293601116001904,11449.0154094998,1571.78138904531,10663.1247149772,49805.7811363726,0.0177950405544068,0.322450557773842
93,0,0.0250605527078459,0.0203319274017297,3739.07808675213,931.20811400666,3273.4740297488,8908.56498740116,-0.0269856866083714,-0.516917350647494,0,-0.0087884856545008,-0.00702254367844121,7034.04327587481,1438.87088397458,6314.60783388752,23468.158724403,-0.0048871601517595,-0.123496133774452,0,-0.0338490383623467,-0.0273544710801709,3294.96518912268,507.662769967917,3041.13380413872,14559.5937370019,0.0220985264566119,0.393421216873042,0,-0.0302657815600706,-0.0253538923299298,5424.01643789564,381.608329144175,5233.21227332355,31864.3447959051,0.0229121927822825,0.4822279878481,0,-0.0629465811362599,-0.0519591384937554,15301.2504583502,1951.34775537449,14325.5765806629,71007.0012173005,0.0385790027335674,0.727513097828161,0,-0.0326807995761892,-0.0266052461638256,9877.23402045453,1569.73942623031,9092.36430733937,39142.6564213954,0.0156668099512849,0.245285109980061
94,0,0.0334079614571112,0.0266475058530525,2807.86997274547,798.119689694397,2408.81012789827,5635.09095765236,-0.0320068300231923,-0.544787933956159,0,-0.000407108701438841,-0.000319859815333834,5595.17239190023,1269.4090033416,4960.46789022944,17153.5508905155,-0.0101799826736314,-0.190375081712497,0,-0.03381507015855,-0.0269673656683863,2787.30241915476,471.2893136472,2551.65776233116,11518.4599328632,0.0218268473495609,0.354412852243662,0,-0.0335685858557282,-0.0275874308810147,5042.40810875147,455.623444354479,4814.59638657423,26631.1325225816,0.0246329981512303,0.45242383559593,0,-0.0627660068480905,-0.05091383236212,13349.9027029757,1963.69932923285,12368.0530383593,56681.4246366376,0.0378078197894495,0.62883432001632,0,-0.0291974209923623,-0.0233264014811054,8307.49459422421,1508.07588487837,7553.45665178503,30050.292114056,0.0131748216382191,0.17641048442039
95,0,0.0424768353963022,0.033282937990721,2009.75028305107,655.133092693734,1682.18373670421,3226.28082975408,-0.0372874664338915,-0.565958629763706,0,0.00885391540268854,0.00683485795122091,4325.76338855864,1082.06097589052,3784.73290061338,12193.0830002861,-0.015832462603151,-0.247835461898951,0,-0.0336229199936137,-0.0264480800395001,2316.01310550756,426.927883196782,2102.54916390917,8966.80217053201,0.0214550038307405,0.318123167864755,0,-0.0369965208553409,-0.0297877144743274,4586.78466439699,513.570035773436,4329.99964651027,21816.5361360074,0.0263479476529636,0.423044663832118,0,-0.0619573243701943,-0.049336940215811,11386.2033737428,1907.70140902141,10432.3526692321,44313.3715982783,0.03667493056256,0.538586900728213,0,-0.0249608035148534,-0.0195492257414837,6799.41870934584,1394.13137324798,6102.35302272186,22496.835462271,0.0103269829095964,0.115542236896095
96,0,0.0522058817067164,0.0401532981594862,1354.61719035734,512.534036967147,1098.35017187377,1544.09709304988,-0.0427744753956238,-0.5809378064812,0,0.0189415327433301,0.0143567446219562,3243.70241266812,890.004642482486,2798.70009142688,8408.35009967271,-0.0217931280128549,-0.296474701656037,0,-0.0332643489633863,-0.02579655353753,1889.08522231078,377.470605515339,1700.34991955311,6864.25300662284,0.0209813473827689,0.284463104825163,0,-0.0404991323133975,-0.0319047671432267,4073.21462862355,549.970337209641,3798.22946001873,17486.5364894971,0.0280243332121151,0.394268480132954,0,-0.0604706584567081,-0.0472233127739978,9478.50196472142,1789.65303142438,8583.67544900923,33881.0189290462,0.0351677931148711,0.456591752039006,0,-0.0199715261433105,-0.0153185456307711,5405.28733609787,1239.68269421474,4785.4459889905,16394.4824395491,0.007143459902756,0.062323271906052
97,0,0.0625094603477896,0.0471607746149195,842.083153390194,379.484483507718,652.340911636335,445.746921176107,-0.0484042667045711,-0.590258675908276,0,0.029776572680076,0.0221460525939808,2353.69777018564,705.237816184286,2001.07886209349,5609.65000824584,-0.0279985692018191,-0.336921989759512,0,-0.0327328876677137,-0.0250147220209388,1511.61461679544,325.753332676567,1348.73795045716,5163.90308706973,0.020405697502752,0.253336686148764,0,-0.0440149863515817,-0.0338856454953851,3523.24429141391,561.349093614748,3242.56974460654,13688.3070294784,0.0296260261254818,0.366260091690864,0,-0.0582699033601364,-0.0445838840900435,7688.84893329704,1620.85068182756,6878.42359238326,25297.343480037,0.0332834701474533,0.382595319251001,0,-0.0142549170085547,-0.0106982385946583,4165.60464188313,1059.50158821281,3635.85384777673,11609.0364505586,0.00365744402197143,0.0163352275601372
98,0,0.0732776520436705,0.0541974927923076,462.598669882475,263.029856841628,331.083741461661,-206.593990460228,-0.0541041888075127,-0.594470626864711,0,0.0412535093565096,0.0300909025794363,1648.45995400135,537.391231089274,1379.76433845671,3608.57114615234,-0.0343747045028641,-0.369828012679855,0,-0.0320241426871609,-0.0241065902128713,1185.86128411887,274.361374247646,1048.68059699505,3815.16513661257,0.0197294843046486,0.224642614184857,0,-0.0474728607841568,-0.0356769558469564,2961.89519779916,546.959682382498,2688.41535660791,10445.7372848718,0.0311148304872445,0.339168248491213,0,-0.0553363843934577,-0.0414467525372434,6067.99825146948,1416.35909348404,5359.81870472746,18418.9198876537,0.0310299951086732,0.31627888908998,0,-0.00786352360930087,-0.00576979669028699,3106.10305367032,869.399411101547,2671.40334811955,7973.18260278189,-8.48353785712908e-05,-0.0228893594012334
99,0,0.0843776378906736,0.0611491117501423,199.568813040848,167.488877612133,115.824374234781,-537.677731921889,-0.0597946663636225,-0.594131789243353,0,0.0532415630493789,0.0380708666685551,1111.06872291208,392.960867454173,914.58828918499,2228.80680769563,-0.0408387949422958,-0.395855789931744,0,-0.0311360748412947,-0.0230782450815872,911.499909871228,225.47198984204,798.763914950208,2766.48453961752,0.0189558714213267,0.198275999311609,0,-0.0507939101478921,-0.0372277430525461,2414.93551541666,509.051147825458,2160.40994150393,7757.32192826391,0.0324522466881875,0.313123681081195,0,-0.0516720828773138,-0.037857294308118,4651.63915798544,1193.18316617212,4055.04757489938,13059.1011829262,0.0284272617115366,0.257268973501939,0,-0.000878172729421756,-0.000629551255571958,2236.70364256878,684.13201834666,1894.63763339544,5301.77925466234,-0.00402498497665082,-0.0558547075792557
100,0,0.0956564853754461,0.0678989895291184,32.0799354287146,94.3246580898698,-15.0823936162203,-653.502106156671,-0.0653920563145179,-0.589803519150699,0,0.0655872506033748,0.0459611840394636,718.107855457903,275.073709359274,580.571000778266,1314.21851851064,-0.0473021921113392,-0.415673235437358,0,-0.0300692347720714,-0.0219378054896547,686.027920029188,180.749051269405,595.653394394486,1967.72062466731,0.0180898642031787,0.17413028371334,0,-0.0538948007127564,-0.0384925058573918,1905.88436759121,452.554267683303,1679.60723374955,5596.91198675997,0.0336015670987371,0.288238260093828,0,-0.0473020751900159,-0.0338771851258466,3458.45599181332,968.150897914215,2974.38054285621,9004.05360802687,0.0255072957798586,0.205148358733354,0,0.00659272552274048,0.00461532073154519,1552.57162422211,515.596630230912,1294.77330910666,3407.14162126689,-0.00809427131887852,-0.083089901360474
101,0,0.10694531783682,0.074332645410891,-62.2447226611553,42.4809955187829,-83.4852204205466,-638.419712540451,-0.0708121855403698,-0.582047716478389,0,0.0781183762069058,0.0536373390907537,443.034146098629,183.778542583636,351.14487480681,733.647517732374,-0.0536737677284058,-0.429948235194494,0,-0.0288269416299144,-0.0206953063201373,505.278868759784,141.297547064853,434.630095227357,1372.06723027282,0.017138417811964,0.152099481283895,0,-0.0566916847586144,-0.0394340439194639,1453.3300999079,384.221897494007,1261.2191511609,3917.30475301042,0.034530189858695,0.264605563391456,0,-0.0422758473974643,-0.0295823090201387,2490.30509389911,755.906256952061,2112.35196542307,6029.67306517065,0.0223138161259,0.159467423810975,0,0.0144158373611502,0.00985173489932517,1036.9749939912,371.684359458054,851.132814262176,2112.36831216023,-0.012216373732795,-0.105138139580481
102,0,0.118064711180211,0.0803422072272466,-104.725718179938,9.06091423469005,-109.256175297283,-554.934492119904,-0.0759745327939808,-0.571428262870421,0,0.0906493193634476,0.0609796886190092,259.255603514992,116.737813498086,200.886696765949,382.502642925563,-0.0598639568341491,-0.439347310330554,0,-0.0274153918167637,-0.0193625186082373,363.98132169493,107.676899263396,310.142872063232,937.437135045467,0.0161105759598317,0.132080952539868,0,-0.0591047474442809,-0.040025833606799,1069.1082024139,311.424386032574,913.396009397609,2656.08560184952,0.0352120287068237,0.242303279886452,0,-0.0366672057578483,-0.0250596520653342,1734.39883694704,567.396885107416,1450.70039439334,3917.32109974758,0.0189010656747859,0.119755397711349,0,0.0224375416864326,0.0149661815414647,665.290634533148,255.972499074842,537.304384995728,1261.23549789806,-0.0163109630320378,-0.122547882175103
103,0,0.128831030142728,0.0858305270381706,-113.786632414628,-9.84054471640417,-108.866360056426,-445.678316822621,-0.0808070533717304,-0.558518478243789,0,0.102987343230398,0.0678778163964014,142.517790016906,70.123502635484,107.456038699164,181.615946159614,-0.0657893546835927,-0.44453937368118,0,-0.0258436869123301,-0.0179527106417692,256.304422431534,79.9640473518882,216.32239875559,627.294262982235,0.0150176986881377,0.113979104562609,0,-0.0610629396697072,-0.0402536698727538,757.683816381322,240.908342864673,637.229644948985,1742.68959245191,0.0356299369092981,0.221398178241489,0,-0.0305726117347245,-0.0204033961025747,1167.00195183963,409.118989583109,962.442457048074,2466.62070535424,0.0153319973922843,0.0855313759439311,0,0.0304903279349826,0.019850273770179,409.318135458307,168.210646718436,325.212812099089,723.931112902331,-0.0202979395170138,-0.135866802297558
104,0,0.139063306019593,0.0907146799673919,-103.946087698224,-18.3429359909559,-94.774619702746,-336.811956766195,-0.0852517099332917,-0.543917401136156,0,0.11493953297572,0.0742343216896395,72.3942873814221,39.5084684200491,52.6400531713976,74.15990746045,-0.0713778238997321,-0.446206687934413,0,-0.0241237730438726,-0.0164803582777523,176.340375079646,57.851404411005,147.414672874144,410.971864226645,0.0138738860335595,0.0977107132017432,0,-0.0625084336249089,-0.0401163959754993,516.775473516649,177.828697714585,427.861124659357,1105.45994750293,0.0357781739033187,0.201954944101509,0,-0.0241079198575315,-0.0157105231085156,757.88296225652,283.18616026438,616.28988212433,1504.17824830617,0.0116760436337402,0.0563152485159684,0,0.0384005137673774,0.0244058728669836,241.107488739871,105.357462549795,188.428757464974,398.718300803242,-0.0241021302695785,-0.145639695585541
105,0,0.148590186369272,0.0949286239252437,-85.6031517072681,-20.1718580584483,-75.5172226780439,-242.037337063449,-0.089270802418026,-0.528278830792241,0,0.126319898442563,0.0799678083377905,32.885818961373,20.5901861484999,22.590725887123,21.5198542890524,-0.0765740112880674,-0.445065699609233,0,-0.0222702879267094,-0.0149608155874532,118.488970668641,40.7620442069482,98.107948565167,263.557191352501,0.0126967911299586,0.0832131311830078,0,-0.0634003264626135,-0.0396256571047809,338.946775802064,125.257969354869,276.31779112463,677.598822843571,0.0356651474521599,0.184051237375778,0,-0.0174036696742225,-0.0110762981129799,474.69680199214,188.085256537602,380.654173723339,887.888366181839,0.00800692629033062,0.0316394487923275,0,0.0459966567883909,0.028549358991801,135.750026190076,62.8272871827328,104.33638259871,210.289543338268,-0.0276582211618293,-0.152411788583451
106,0,0.15725646728047,0.0984248824740842,-65.4312936488198,-18.3028771660841,-56.2798550657777,-166.520114385405,-0.0928539458801504,-0.512357829982994,0,0.136956150903271,0.085014923325928,12.2956328128731,9.66214939171686,7.46455811701465,-1.07087159807065,-0.0813447729418659,-0.441900111297159,0,-0.0203003163771984,-0.0134099591481562,77.7269264616929,27.965026557801,63.7444131827924,165.449242787334,0.0115091729382845,0.0704577186858351,0,-0.0637171818721007,-0.038804736601666,213.688806447195,84.2102642553147,171.583674319538,401.281031718941,0.0353169749857193,0.167803132103737,0,-0.0105992532789098,-0.00659000724369441,286.611545454538,119.838753102806,226.692168903135,507.234192458499,0.00440140851195436,0.0110642623375945,0,0.053117928593191,0.0322147293579716,72.9227390073433,35.6284888474915,55.1084945835976,105.953160739558,-0.0309155664737649,-0.156738869766143
107,0,0.164928754474901,0.101175206441667,-47.1284164827357,-14.8487262174056,-39.7040533740329,-110.240259319627,-0.0960242890499357,-0.497077488223216,0,0.146695694501213,0.0893313857796763,2.63348342115622,3.82833584232439,0.719315499994025,-8.5354297150853,-0.0856824705009726,-0.437604566922278,0,-0.0182330599736879,-0.0118438206619911,49.7618999038919,18.6770620597299,40.4233688740269,101.704829604542,0.0103418185489631,0.0594729213009377,0,-0.0634581328489197,-0.0376866414482373,129.47854219188,54.0623671522006,102.44735861578,229.697357399403,0.0347827725872141,0.153408000723043,0,-0.00383641881424956,-0.00233128670325056,166.772792351732,73.250037148669,130.147773777398,280.542023555364,0.000940891796660348,-0.00579597331905291,0,0.0596217140346701,0.0353553547449867,37.2942501598518,19.1876699964684,27.7004151616176,50.8446661559607,-0.0338418807905537,-0.159203974042096
108,0,0.171499885656255,0.10317025908506,-32.2796902653301,-11.1280726680607,-26.7156539312997,-70.5362059455942,-0.0988381729549508,-0.483606868582777,0,0.155410454308247,0.0928920360924895,-1.19485242116817,1.01360533584367,-1.70165508909001,-9.25474521507933,-0.0895992346597437,-0.433221272160838,0,-0.0160894313480076,-0.0102782229925701,31.0848378441619,12.1416780039044,25.0139988422097,61.2814607305149,0.00923893829520706,0.0503855964219388,0,-0.0626424488836017,-0.036311678583556,75.4161750396797,33.1685428398125,58.8319036197735,127.249998783623,0.0341426546544364,0.141215853602682,0,0.00274734706327684,0.00163270323137582,93.5227552030632,42.9644365074177,72.0405369493544,150.394249777966,-0.00227981789927134,-0.0192166521353552,0,0.0653897959468785,0.0379443818149318,18.1065801633835,9.79589366760514,13.2086333295809,23.1442509943431,-0.0364224725537078,-0.160432505738037
109,0,0.176891869700265,0.104418443863283,-21.1516175972694,-7.83471648852403,-17.2342593530074,-43.8205520142945,-0.101359124294977,-0.473397525540895,0,0.1630002817574,0.0956900097127806,-2.20845775701184,-0.152310924055929,-2.13230229498388,-7.55309012598932,-0.0930913086328751,-0.429899760056687,0,-0.0138915879428658,-0.00872843415050262,18.9431598402575,7.6824055644681,15.1019570580235,36.2674618883051,0.00826781566210233,0.0434977654842086,0,-0.0613076633473377,-0.034724795599845,42.2476321998672,19.4673199306803,32.5139722345271,68.4180951638496,0.0335177686907516,0.131843152133665,0,0.00902500374237258,0.00524911216891627,50.5583186956455,24.1957727242593,38.4604323335159,78.3537128286118,-0.00512645316609461,-0.0292268014698536,0,0.0703326670897103,0.0399739077687613,8.31068649577832,4.72845279357895,5.94646009898885,9.93561766476217,-0.0386442218568462,-0.161069953603519
110,0,0.181057239863364,0,-13.3169011087454,-13.3169011087454,-26.5862926612871,-26.5862926612871,-0.103550563442493,-0.467988892758706,0,0.169394816261726,0,-2.05614683295591,-2.05614683295591,-5.42078783100545,-5.42078783100545,-0.0960156133365637,-0.428554849187779,0,-0.0116624236016377,0,11.2607542757894,11.2607542757894,21.1655048302817,21.1655048302817,0.00753495010592942,0.0394340435709275,0,-0.0595065260438323,0,22.7803122691869,22.7803122691869,35.9041229293226,35.9041229293226,0.0330731472956017,0.126335773915054,0,0.0148852163548943,0,26.3625459713863,26.3625459713863,39.8932804950959,39.8932804950959,-0.00735898394624945,-0.0352622789869659,0,0.0743917423987266,0,3.58223370219937,3.58223370219937,3.98915756577333,3.98915756577333,-0.0404321312418511,-0.16159805290202
